"","country","national_population","national_population_ref_year","school_aged_population","school_aged_population_ref_year","per_capita_gni","per_capita_gni_ref_year","isced_6_enrollment","isced_6_ref_year","isced_7_enrollment","isced_7_ref_year","isced_8_enrollment","isced_8_ref_year","university_enrollment","proportion_school_aged","proportion_school_aged_enrolled","baseline_per_capita_kg_co2e","baseline_adjusted_per_capita_kg_co2e","baseline_oecd_per_capita_kg_co2e","meatless_day_per_capita_kg_co2e","low_red_meat_per_capita_kg_co2e","no_red_meat_per_capita_kg_co2e","no_dairy_per_capita_kg_co2e","pescetarian_per_capita_kg_co2e","lacto_ovo_vegetarian_per_capita_kg_co2e","two_thirds_vegan_per_capita_kg_co2e","vegan_per_capita_kg_co2e"
"1","Afghanistan",38042000,2019,3826080,2018,550,2018,365982,2018,4600,2018,28,2018,370610,0.100575153777404,0.0968641533893698,898.407807550003,1757.34912059039,3208.27112895211,1817.49492040973,1835.41049646912,1954.94932889582,508.683834905418,881.51670700514,2178.36971932583,756.150236589775,255.55079458947
"2","Albania",2867000,2019,232597,2019,4860,2018,89231,2019,43749,2019,1865,2019,134845,0.0811290547610743,0.579736626009794,2012.70983492265,1772.53332179817,1744.27650844486,1699.05547211314,1737.56876213874,1289.98294200713,901.725120878478,1271.30189920844,1258.18837400296,833.034041888278,363.284401933334
"3","Algeria",43053000,2019,3116237,2018,3920,2017,996087,2018,0,0,0,0,996087,0.072381413606485,0.319644173405296,1107.7870293482,1216.58335036028,2233.24643626611,1212.75638343726,1216.58335036028,1099.57254713464,829.601676236192,681.110007278683,1189.78635930634,597.291084824554,287.640889989989
"4","Argentina",44901000,2019,3491568,2017,12390,2018,2210454,2017,276648,2017,26098,2017,2513200,0.0777614752455402,0.719791222740041,3516.52225958065,2783.61090072366,2279.40785261077,2556.99383657175,2180.06220868715,1061.91355405677,2505.35004552156,887.18409613196,1197.29145166028,1269.18335200243,511.96957764182
"5","Armenia",2958000,2019,178853,2019,4230,2018,69622,2019,10855,2019,985,2019,81462,0.0604641649763354,0.455469016454854,1645.62049194774,1644.59218704457,1952.96244540781,1594.54128134708,1635.49882471623,1116.23934840529,999.918532767696,1077.4662526765,1294.23584716212,798.79252881102,375.892699694243
"6","Australia",25303000,2019,1555767,2018,53230,2018,999034,2018,304632,2018,56110,2018,1359776,0.0614854760305102,0.874022909600216,3142.10031017867,2799.14007474012,2298.02302636851,2635.15553074974,2078.50666936132,1156.33338851759,2389.0576085563,1120.86314519104,1651.26195818594,1130.52417619023,296.202537013652
"7","Austria",8865000,2019,496255,2018,49310,2018,199235.73132,2018,135346.1126,2018,20396.37352,2018,354978.21744,0.0559791314156796,0.715314137771912,1583.39202942252,1311.318198368,1504.00127565242,1269.73092638409,1140.02352314424,899.378072251692,920.597883473354,830.926257709782,1020.20729448061,618.775906180247,272.501920332991
"8","Azerbaijan",10032000,2019,692066,2019,4050,2018,160631,2019,20954,2019,2626,2019,184211,0.0689858452950558,0.266175480373259,1653.51353450057,1767.82077345685,2409.49570979099,1723.684009503,1767.82077345685,1263.45396591211,999.351101360912,1151.9548537662,1458.8634257799,778.43536047951,283.742653990839
"9","Barbados",287000,2019,18979,2015,15410,2018,0,0,0,0,133,2011,133,0.0661289198606272,0.00700774540281364,1581.54345108569,1556.58134978675,2330.2545467978,1543.45581456011,1489.39294121961,890.917858732421,1180.89939406497,873.424817351371,1464.70260320028,718.660255944407,299.699709023235
"10","Belarus",9467000,2019,445306,2018,5670,2018,284348,2018,14947,2018,5652,2018,304947,0.0470377099397909,0.684803258882656,1467.68269080873,1301.26100459835,1643.02287929375,1289.4821795822,1160.99243447691,977.397033882006,1004.75848439348,859.253601625634,1218.80922948529,642.680494728977,313.39023979429
"11","Belgium",11483000,2019,653387,2018,45910,2018,372686,2018,102785,2018,17339,2018,492810,0.0569003744666028,0.754239065056391,1766.90166528735,1596.79279540984,1807.44689884916,1543.63442110099,1420.45977763189,1099.75739303261,1201.57168224578,996.527724489225,1224.70114484927,735.735849074053,305.209545237691
"12","Belize",390000,2019,39334,2019,4470,2018,5383,2019,0,0,0,0,5383,0.10085641025641,0.136853612650633,1085.4358820728,1220.19038138154,2956.03549424065,1155.61675322468,1124.78211266852,638.974518846034,956.913149400672,571.92624447452,768.174984283489,615.243726402025,312.770398912267
"13","Benin",11801000,2019,1057994,2018,870,2018,0,0,12657,2018,2060,2018,14717,0.0896529107702737,0.0139102868258232,821.823258203771,1009.06903322283,5296.66528437061,990.040682995551,1019.24131834751,789.865824758524,852.873665313478,517.753967710966,875.870581631885,503.319879483218,250.445302613412
"14","Bosnia and Herzegovina",3301000,2019,221486,2019,5740,2018,67031,2019,21004,2019,981,2019,89016,0.0670966373826113,0.401903506316426,1036.19213548213,1059.96776453293,1680.31536097247,1052.40536653988,1059.96776453293,891.585839560239,630.435810226685,822.203362410849,1007.03097858158,545.787231668826,288.696965236772
"15","Botswana",2304000,2019,202724,2019,7750,2018,34515,2019,2266,2019,123,2019,36904,0.0879878472222222,0.182040606933565,1585.27105265248,2473.74634007766,3535.02081537172,2432.06009409818,2318.21208710223,1862.81022888101,1141.61159140208,1041.29654867966,2181.94212737559,1004.83019595427,270.371730012367
"16","Brazil",211050000,2019,15944204,2011,9140,2018,8450755,2018,175220,2018,115028,2018,8741003,0.0755470457237621,0.548224483329491,4366.10150745358,3420.64064279978,3454.11717370973,3219.17444334407,3170.02211988991,1556.53733245652,2689.86378437777,1053.40129208725,2010.37557034719,1393.15160514362,379.397849550029
"17","Bulgaria",6970000,2019,330439,2018,8860,2018,155091,2018,74680,2018,6564,2018,236335,0.0474087517934003,0.715215213700562,989.197994764998,926.890656478838,1609.27365772579,941.374928670352,942.744082760402,797.43421475657,639.260163697665,727.029354516048,1028.42497147591,509.514924728238,300.841703222777
"18","Burkina Faso",20321000,2019,1868186,2019,670,2018,43145,2014,33243,2014,1382,2019,77770,0.0919337631022095,0.0416286172790076,1104.56432849279,1076.5072800445,4655.49571423387,1003.78173150145,1125.03569709796,550.916404596559,911.900172188134,511.931778858121,567.428440243124,548.77607144179,284.910467140435
"19","Cabo Verde",550000,2019,49368,2018,3420,2018,10988,2018,370,2018,62,2018,11420,0.08976,0.231323934532491,1095.91355458394,1255.93146531637,2830.23568451287,1240.31905897574,1255.93146531637,938.444965914299,871.208659429201,738.146224297636,1146.64462093194,603.167603194921,276.785672134196
"20","Cambodia",16487000,2019,1512176,2019,1390,2018,179258,2019,23256,2019,1349,2018,203863,0.0917192939892036,0.134814333781253,930.966030827096,930.265468539381,3842.74204147714,897.148778068026,941.603688805973,692.63663405152,907.288703745744,653.213976754705,698.448635239899,675.572866243871,548.226565096117
"21","Cameroon",25876000,2019,2318544,2018,1440,2018,224903,2018,62008,2018,7258,2018,294169,0.0896021023342093,0.126876608768261,921.074884574628,949.091606385559,4195.38425695097,885.999092697768,949.091606385559,529.151901147644,801.026796858234,423.271102142507,507.444010571023,497.001382368285,270.956270359647
"22","Canada",37375000,2019,2314396,2018,44940,2018,1005055,2018,202679,2018,53455,2018,1261189,0.0619236387959866,0.54493224150059,1658.6913807803,1385.43143990414,1475.99152977587,1312.3719701663,1259.13860752271,754.598452968399,1119.20361007781,712.296752459508,874.015151739241,648.422727038783,279.927879330047
"23","Chile",18952000,2019,1380517,2018,14670,2018,805053.21667,2018,96619.91667,2018,5789,2018,907462.13334,0.0728428134233854,0.657334993585736,3895.49054323926,3746.93331350782,4043.71921177901,3386.83402494582,3416.44864763265,892.104184997132,3418.76345581752,827.458543694298,1226.2537710998,1457.61682058986,312.934086897298
"24","China",1397295000,2019,87405727,2019,9460,2018,24075437,2019,2409068,2019,410153,2019,26894658,0.0625535244883865,0.307699036700421,1258.26169602989,1222.14131152835,2502.10567261985,1151.34408652714,1162.44091381253,736.658913629395,1126.24055535095,683.894701741923,726.56073651988,704.075787512324,445.04302550431
"25","Colombia",50339000,2019,4352341,2018,6180,2018,1557594,2018,157581,2018,6225,2018,1721400,0.0864606170166273,0.395511289211944,1972.82422147582,2678.70184259319,3089.35246863296,2631.92136120348,2384.82237253302,1807.90176184465,1567.72717894263,1049.12671032862,2351.23847286526,1097.81108222174,307.365702036019
"26","Congo",5381000,2019,432790,2017,1640,2018,34176,2017,7032,2017,821,2017,42029,0.0804292882363873,0.0971117632107951,677.744999200958,1086.3612985709,3376.40214881956,1060.76404419156,1081.4225414836,704.808387549316,992.679166617173,646.483765203098,907.180517915504,515.57794828917,230.186273148304
"27","Costa Rica",5048000,2019,384589,2019,11520,2018,178008,2019,14180,2019,2805,2019,194993,0.076186410459588,0.50701658133748,1860.12937816238,2146.64172154634,2513.07795448334,2138.94476414801,1855.08381113014,1674.18495695614,970.085800730681,1184.96655673682,2092.76301975801,881.91712501905,249.554826755404
"28","CÃ´te d'Ivoire",25717000,2019,2332784,2017,1600,2018,101758,2017,33982,2017,7190,2017,142930,0.0907098028541432,0.0612701390270166,555.22928206994,956.618812106499,3632.72625471655,992.783088913289,970.574434447011,846.470657908055,781.360726335688,614.896569719196,1209.76874975403,471.596922358912,229.085977485119
"29","Croatia",4071000,2019,243630,2018,14000,2018,97605,2018,63586,2018,3584,2018,164775,0.0598452468680914,0.676332963920699,1338.59729488335,1436.5460776001,1601.09075999926,1406.23270120362,1198.18330840835,1011.51016816984,915.315069463574,922.051449989034,1224.36329036041,670.361785922683,287.218936616495
"30","Cyprus",1199000,2019,57992,2018,28570,2018,22615,2018,18434,2018,1472,2018,42521,0.0483669724770642,0.733221823699821,1411.59375466238,1541.48251364836,1976.1040276048,1546.17313123537,1369.38561912388,1178.70466209067,1313.74588304314,1045.56282090043,1574.29148058141,699.670256675989,278.748342579363
"31","Czechia",10629000,2019,515983,2018,20240,2018,193614,2018,111986,2018,22457,2018,328057,0.0485448301815787,0.635790326425483,1146.23290787116,1191.83049998757,1479.93205284221,1166.99996583876,1080.24159109034,913.007072959617,860.466828221824,801.708736465108,1018.08072798647,576.876424622285,269.416534460207
"32","Denmark",5818000,2019,382964,2018,60140,2018,195846,2018,70048,2018,9437,2018,275331,0.0658239944998281,0.718947472869513,1770.73167750726,1637.18551677838,1610.76146099126,1530.4715002486,1487.76837231244,1018.38613983086,1196.11540228706,942.98414413501,890.187401069894,774.241711302382,342.767360315748
"33","Ecuador",17374000,2019,1516470,2016,6110,2018,567854,2016,21911,2016,315,2016,590080,0.0872838724530908,0.3891141928294,1506.30449801729,1989.30282024483,2123.84740565597,1930.26901686485,1960.40082435699,1275.03555752683,1665.87167743867,938.336596284467,1576.06619658496,894.756265555836,347.482339322772
"34","Egypt",100388000,2019,8288106,2017,2800,2018,2646568,2017,222873,2017,45032,2017,2914473,0.0825607243893692,0.351645237162749,1283.08846972255,1082.48332441652,2398.44709341952,1061.23078752116,1078.14130853371,847.851791021528,856.977723984088,613.762467708838,933.715566149011,565.312555823953,306.727491223359
"35","El Salvador",6454000,2019,648643,2018,3820,2018,155759,2018,16769,2018,63,2018,172591,0.100502479082739,0.266080108780947,1367.85410804794,1599.53671871542,3233.21694167897,1528.79440567436,1448.00599720803,910.766112925506,961.263838708754,816.690386601942,1104.34052742798,695.890133738653,244.06684125027
"36","Estonia",1317000,2019,65051,2018,21140,2018,28718.583,2018,14590.5,2018,2464.333,2018,45773.416,0.0493933181473045,0.703654302009193,1124.38303809274,1148.96265455532,1321.56667989323,1088.53922364654,1058.4751880733,790.694453666418,765.214315930307,753.532237319447,725.998638193837,567.33865992333,276.533204623282
"37","Ethiopia",112079000,2019,9341700,2014,790,2018,555335,2014,29697,2014,1983,2014,587015,0.0833492447291642,0.0628381343866748,717.857818971531,1012.72006769439,3559.21978785338,987.828173285757,1002.55869329584,831.970103882225,477.180680701135,692.037893589554,838.476806833959,494.914544633949,236.011783103729
"38","Fiji",890000,2019,74034,2016,5860,2018,0,0,0,0,162,2005,162,0.0831842696629213,0.00218818380743982,1403.49428025434,1591.14543046548,2862.43592270651,1543.69363971942,1562.84588710074,922.639637354666,1240.93255084246,799.706459875621,1258.9828952431,725.556790352053,292.762470295341
"39","Finland",5533000,2019,326291,2018,48280,2018,207313,2018,68582,2018,18621,2018,294516,0.0589718055304536,0.902617602079126,1450.80098986112,1349.84253506478,1295.4469786063,1278.90502274954,1265.18738950957,955.406879161119,797.393777532685,932.702694647704,853.279948858097,638.448373276952,282.75129238304
"40","France",67211000,2019,3872447,2018,41080,2018,1058491,2018,989085,2018,66096,2018,2113672,0.0576162681703888,0.54582335148809,1958.12790753484,1638.65255359348,1728.49150630618,1566.06386414142,1444.92731033207,968.141233241208,1223.93804755142,960.498559870946,1130.53618975818,746.663240897301,300.669782231461
"41","Georgia",3721000,2019,236603,2019,4440,2018,111058,2019,33940,2019,3512,2019,148510,0.0635858640150497,0.627675895910026,1205.75760946959,1664.75353276753,2333.56221622132,1724.60018443187,1427.55487534203,1423.34255336605,608.585766890206,1184.79769293736,2083.69101592831,737.702555902297,274.177977595547
"42","Germany",82806000,2019,4446701,2018,47090,2018,1872666,2018,1054512,2018,200400,2018,3127578,0.0537002270366882,0.70334794266581,1532.21755628525,1328.7645034515,1582.98579514802,1286.33184262495,1185.62123659573,909.197489708782,918.701979929861,893.372042798619,1031.7350795314,650.975801632205,312.078266385534
"43","Ghana",30418000,2019,2879063,2019,2130,2018,289575,2019,29110,2019,2373,2019,321058,0.0946499769873101,0.111514753237425,578.995397438935,653.34603072157,3147.46096855606,640.46587001854,653.946832666047,564.218011429359,562.401386944161,417.972558582045,563.184905800358,359.028996567272,211.870479490124
"44","Greece",10696000,2019,536831,2018,19770,2018,659535,2018,78118,2018,29221,2018,766874,0.0501898840688108,1.42852033507752,1802.05410874415,1473.21742847413,1686.53110628463,1454.40831743717,1383.01839261753,1153.93011000148,1059.54489222932,1071.68400794169,1341.55365121541,691.630839613012,300.837545182452
"45","Guatemala",17581000,2019,1683281,2015,4400,2018,247096,2015,18537,2015,881,2015,266514,0.0957443262613048,0.158330070855668,892.71372696047,1225.70261469751,3049.16354261085,1176.12514102454,1003.50643755626,763.109761442144,643.880618530639,581.609573913143,878.660298986698,576.748474142231,252.271403864591
"46","Honduras",9746000,2019,1020126,2018,2350,2018,238509,2018,18076,2018,492,2017,257077,0.104671249743485,0.252005144462547,1459.19964203379,1978.65730727061,3627.03486011057,1912.05587145881,1774.77596322359,1149.95979160939,1143.33802246412,737.753194981326,1512.44725658802,815.868559811071,234.474186081301
"47","Hong Kong",7508000,2019,367892,2019,50300,2018,162103,2019,52640.014,2019,10697.001,2019,225440.015,0.049,0.612788576538767,2759.36886744541,2426.27027292818,2347.46544109739,2243.89142056995,1547.64966764229,960.187580957614,2217.86345212139,938.235188767038,1149.61830642058,1021.98231579113,319.838337222607
"48","Hungary",9732000,2019,563247,2018,14780,2018,183509,2018,79929,2018,7676,2018,271114,0.0578757706535142,0.481341223299902,1047.89042477829,1124.20971560878,1560.30523018989,1095.45775930788,1032.83964207892,760.934139246268,821.15517485556,709.562492568748,922.946021502501,563.171761013378,282.652783715677
"49","Iceland",356000,2019,24397,2018,67960,2018,12189,2018,4421,2018,637,2018,17247,0.0685308988764045,0.706931180063122,2224.00450391901,1999.3356187362,1819.89200314317,1838.89934191288,1820.29474886915,1201.09395788313,1439.81762510194,1132.44165098079,876.281680972943,842.812028611871,264.550233549704
"50","India",1366418000,2019,123012080,2019,2020,2018,30550057,2019,4425011,2019,173050,2019,35148118,0.0900252192228147,0.285728995071053,786.964292722718,1287.42877059308,2899.56770257641,1286.15568443888,1277.994970135,1205.26352188787,497.382592355688,769.553749928039,1278.51716751367,642.69228281979,320.324038933144
"51","Indonesia",270626000,2019,22134366,2018,3840,2018,6659889,2018,355463,2018,43126,2018,7058478,0.0817895028563405,0.318892260117141,703.659563213826,898.505692671901,2636.54401125142,903.635593618072,908.721512415098,787.775055680761,825.36656166961,660.107059962963,934.414999295094,507.738995257393,312.355646550138
"52","Iran (Islamic Republic of)",82914000,2019,5759512,2018,5470,2017,2076361,2018,744234,2018,141078,2018,2961673,0.0694636852642497,0.514222906385124,852.619659030855,814.647545310651,1893.33346265733,821.354910688704,814.647545310651,691.242014714754,614.510256650552,565.357557837103,861.599102957024,474.239010917007,304.034743720185
"53","Ireland",4893000,2019,299162,2018,61390,2018,168877,2018,33935,2018,8517,2018,211329,0.0611408134069078,0.706403219660251,2347.52766191795,2014.54392296064,2112.1661795976,1908.73687213854,1805.08683025737,1090.47545019163,1508.989469842,1086.92161846542,1273.89456720593,836.96921352576,248.178536160356
"54","Israel",9018000,2019,608855,2018,40920,2018,240653,2018,62996,2018,11571,2018,315220,0.0675155245065425,0.517725895328116,2344.12414638407,1764.65012915606,2200.55601466138,1674.38408192177,1764.65012915606,894.677854468938,1493.37437252843,824.595317589072,1132.79397283298,780.818097582519,288.900714189119
"55","Italy",60340000,2019,2949047,2018,33730,2018,1140641,2018,713633,2018,28338,2018,1882612,0.0488738316208154,0.638379788453694,1711.84894623567,1443.65567974653,1617.31741826292,1434.85746997563,1353.10688084825,1088.80849023904,1063.92253079232,981.540949307001,1382.06821135021,676.441714887763,292.826374076548
"56","Jamaica",2948000,2019,263211,2019,4970,2018,31487,2019,2894,2018,0,0,34381,0.0892845997286296,0.130621440593288,1029.96897646531,1173.94945449894,2693.08817258119,1191.61329683931,1025.97421748346,737.327056182914,893.839080246664,733.443156329649,1297.59635088151,555.564585104005,246.372150406537
"57","Japan",126097000,2019,0,0,41310,2018,2674263,2018,348038,2018,80767,2018,3103068,0,Inf,1094.11372891182,1174.69052235394,1836.38462935271,1098.52658165498,1174.96442466203,710.930446340282,1055.74024295365,671.599371792964,641.54293746125,612.59517455326,331.547500652921
"58","Jordan",10102000,2019,932422,2018,4200,2018,279811,2018,26227,2018,5048,2018,311086,0.0923007325282122,0.333632196580518,1320.45889080145,1530.18444934556,2916.02006179448,1533.62537719932,1391.55315805065,1089.42337910536,1045.70545441597,689.237342845639,1554.31989973351,705.468890409277,293.118395977653
"59","Kazakhstan",18469000,2019,1109389,2019,8070,2018,542458,2019,42971,2019,5609,2019,591038,0.0600676268341545,0.532759924607149,2364.78769170579,1957.39095358038,1884.16264177639,1940.5645300644,1957.39095358038,1478.2472582568,1293.97588831282,1086.83879962042,1839.60598896855,876.726935018428,336.394925737452
"60","Kenya",52574000,2019,5258141,2019,1620,2018,439768,2019,51079,2019,10215,2019,501062,0.100014094419295,0.0952926138724694,1035.45758197961,1450.82611033822,2497.76130397468,1432.39109178754,1473.378426173,1239.41054294325,699.293391370196,861.401401337145,1321.78098048342,659.230686061742,263.432973923502
"61","Republic of Korea",51782000,2019,3216844,2018,30600,2018,2089686,2018,242332,2018,74750,2018,2406768,0.0621228226024487,0.748176784450847,1676.91648094388,1516.50414750153,2134.84411297958,1417.71930280225,1458.66125752725,911.300147591913,1463.0336237817,836.718548718193,825.010234606598,811.459547719536,458.93724782854
"62","Kuwait",4207000,2019,213253,2019,34290,2018,81414,2019,3382,2019,77,2019,84873,0.0506900404088424,0.397992056383732,2620.33068673646,2046.25531043267,2677.96877726408,1914.01620178498,2018.16851916869,871.633025668473,1817.94981197514,749.04953398235,1120.58154989888,882.73784258881,300.99621152379
"63","Kyrgyzstan",6404000,2019,516666,2019,1220,2018,123421,2019,41164,2019,2636,2019,167221,0.0806786383510306,0.323653966005117,1868.84520653055,1950.02210850439,2078.07731163912,1885.41183846872,1952.12831486433,1359.20254394626,1235.47673309457,1069.03894732945,1497.75021825472,846.282662312976,294.412939217271
"64","Latvia",1916000,2019,87721,2018,16510,2018,46164,2018,18323,2018,2196,2018,66683,0.0457834029227557,0.760171452673818,1016.23626075635,1012.79060024939,1308.91155256872,1001.4693160998,966.440142621004,786.341711313957,653.686120206293,799.589976437606,933.485870520761,550.910176073236,319.969925867988
"65","Lebanon",6856000,2019,0,0,7920,2018,191885,2019,25031,2019,4230,2019,221146,0,Inf,1402.33213779342,1567.92735130357,2170.51558148498,1509.49420372264,1465.07460470047,1024.76719819298,1252.54276515223,707.076823417585,1158.89531823704,719.391528700264,295.123617398611
"66","Lithuania",2778000,2019,160432,2018,17430,2018,88468,2018,27076,2018,2743,2018,118287,0.0577508999280058,0.737303031814102,1213.37163115928,1100.99124629831,1321.98560428824,1057.6890385793,1068.70161120712,901.65684089452,636.434412676099,865.800944079005,797.869222216602,561.119637999171,291.199908576012
"67","Luxembourg",615000,2019,37885,2018,70870,2018,3050,2018,2534,2018,693,2018,6277,0.0616016260162602,0.165685627557081,2143.29760515915,1998.22095997295,1750.07724787031,1872.0893267695,1567.12717194034,1014.18772571246,1523.13126084897,1004.55012630613,1115.29952754881,867.925124468229,302.777206715871
"68","Macao",640000,2019,34250,2019,79110,2018,25061,2019,6465,2019,2562,2019,34088,0.053515625,0.995270072992701,1771.99850542479,1832.36778890286,2247.9324995464,1722.24914682023,1324.73076540566,948.770601476333,1676.72776386863,851.597065774277,1061.53729432449,822.330159597459,317.31134494476
"69","Madagascar",26969000,2019,2686838,2018,510,2018,123519,2018,17479,2018,756,2018,141754,0.0996269049649598,0.0527586702287224,959.385041612246,2032.78185457313,3802.64115751731,2080.5181052096,2046.94117597907,1732.9488497712,1007.73294495039,696.264589990804,2366.93560902844,878.109116577793,300.772747580125
"70","Malawi",18629000,2019,1594473,2014,360,2018,0,0,0,0,154,2010,154,0.0855909066509206,9.65836360979458e-05,525.394926388621,526.594415199531,3166.75937301955,495.249580492686,550.394710149534,322.500833741087,506.703478138392,301.249997915877,307.180572251617,342.235008965332,250.055305848233
"71","Malaysia",31950000,2019,2829077,2019,10590,2018,680068,2019,95047,2019,44516,2019,819631,0.0885470109546166,0.28971675214213,1402.10866937992,1441.45024371178,2561.16884273308,1495.66944735708,1386.71400296613,1125.36848756412,1332.42873231068,950.335572834893,1820.9846692289,684.013875800547,305.295691844932
"72","Maldives",531000,2019,46388,2017,9280,2018,8097,2017,1749,2017,12,2017,9858,0.0873596986817326,0.212511856514616,1559.57753648532,1543.7388034811,2795.54516630612,1570.29386070551,1538.51182667366,1100.13812686125,1147.13104986837,1050.56056221209,1729.62420405196,711.117266184709,294.806497536512
"73","Mali",19658000,2019,1607365,2017,840,2018,63314,2015,18001,2015,338,2015,81653,0.0817664564045172,0.0507992895204263,1730.94876311029,1895.13413250389,3893.77794744795,1916.38083910264,1916.65214586597,1777.9123683592,885.250838053898,1038.5428642749,2043.86107869515,829.199699682261,296.232483271447
"74","Malta",485000,2019,25687,2018,26480,2018,8553,2018,4452,2018,147,2018,13152,0.0529628865979381,0.512009966130728,1629.67374916502,1491.49204770688,1732.6430654588,1385.6836266185,1346.09500211691,776.060911182436,1153.34660073253,713.237515120867,750.833100088237,696.909390943484,299.618062561787
"75","Mauritania",4526000,2019,406316,2019,1160,2018,15473,2017,3419,2017,111,2017,19003,0.0897737516570924,0.0467690172181258,1746.90563087637,1835.60565178595,3172.93828376235,1795.11314308768,1786.00734688501,1344.11446136171,1007.25479813437,895.815098275933,1552.15809089807,777.647818810997,248.668902323518
"76","Mauritius",1268000,2019,95699,2017,12050,2018,30948,2017,4000,2017,351,2017,35299,0.0754723974763407,0.368854428990899,1380.18542220351,1254.15069160358,2769.71236343387,1240.22257104733,1251.44447591859,899.905205743365,1007.95012337338,814.077141800274,1156.65384770983,648.379863149637,345.494448922668
"77","Mexico",127576000,2019,10986234,2018,9180,2018,4035251,2018,308188,2018,43744,2018,4387183,0.0861152097573211,0.399334567241149,1218.82085666489,1106.3427385943,1791.69187784695,1041.90936245603,1035.81256380265,584.071652186045,905.817681199554,505.593915463157,655.317994972215,524.656955107144,233.81901948531
"78","Republic of Moldova",3536000,2019,207665,2019,2980,2018,46779,2019,17895,2019,2073,2019,66747,0.0587287895927602,0.321416704788963,885.135405201105,1174.63963779555,1657.18127042595,1255.46889403631,1180.31919573944,1212.12857379888,637.477986090727,956.665871867914,1740.44443148092,594.481993273819,304.403171012955
"79","Montenegro",622000,2019,41918,2019,8430,2018,21308,2019,1318,2019,83,2019,22709,0.0673922829581994,0.54174817500835,1834.53509358136,1581.82080170576,1647.48714133538,1523.77732180553,1432.13159501334,1110.80616505209,941.469851958541,1085.08612708311,1175.51644240414,748.222022580736,331.422633018222
"80","Morocco",36472000,2019,2906409,2019,3090,2018,764154,2019,131464,2019,36653,2019,932271,0.0796887749506471,0.320763870466958,925.646914616253,865.392145276951,1892.15186045507,873.856048371413,821.894522036228,642.837341553249,632.730259324583,545.99382108548,924.574274212285,480.788909391763,288.538857314692
"81","Namibia",2495000,2019,244869,2017,5220,2018,38576,2017,2292,2017,187,2017,41055,0.0981438877755511,0.167661075922228,1164.1748620815,1738.08111646734,3326.45115560963,1737.21668081294,1747.95748533332,1227.3788689925,1159.64278124486,886.352827430541,1732.03006688654,764.625011260154,277.896958656562
"82","Nepal",28609000,2019,3287931,2019,970,2018,376016,2019,60270,2019,1891,2019,438177,0.114926456709427,0.133268307637843,1142.18316702611,1622.6221636898,3085.36588687217,1597.9533442412,1619.68648691783,1367.57147064472,767.110785820752,696.322151211238,1449.94042754963,779.372416508721,357.747542918181
"83","Netherlands",17280000,2019,1021272,2018,51260,2018,668811,2018,180016,2018,15650,2018,864477,0.0591013888888889,0.846470871618922,1820.76103273513,1658.4842879199,1813.98218203852,1573.38989444317,1552.2347908644,1024.21137700491,1117.14167707235,962.906398709651,1062.8235335828,732.288702871573,269.190910347409
"84","New Zealand",4929000,2019,322712,2018,40640,2018,187577.98994,2018,19221.02733,2018,9853.82655,2018,216652.84382,0.0654721038750254,0.671350441942041,2634.20604957746,2476.23376694315,2105.5464275365,2385.2047775243,1944.30397597462,1306.38433235756,1932.57864827221,1173.23424042903,1839.03084101114,1021.79711609039,294.578790664011
"85","Niger",23311000,2019,1901854,2019,390,2018,42937,2019,18912,2019,1713,2019,63562,0.0815861181416499,0.0334210722799963,1335.27702970182,1214.62560214687,3632.5426643454,1126.92397883468,1241.3925992966,604.322456502587,890.645898267211,606.480807355241,600.714238961533,576.954384437913,258.118775583435
"86","Norway",5369000,2019,347806,2018,80610,2018,199223,2018,72404,2018,8497,2018,280124,0.0647804060346433,0.805403012023944,1934.98293818925,1719.82601709682,1805.38339924801,1632.20196866031,1671.39115842462,1014.75992205521,1293.8574501469,998.150390701144,1106.45731266874,746.494428733324,259.829291498719
"87","Oman",4975000,2019,294677,2019,15140,2018,99740,2019,5222,2019,177,2019,105139,0.0592315577889447,0.356794049077464,1836.65846843967,1800.93641656794,2410.32403298716,1780.21998370509,1757.7755633824,1221.85341083537,1409.17840358911,1088.58719664766,1655.92138652795,803.249234531541,304.405643513341
"88","Pakistan",216565000,2019,20964647,2018,1590,2018,1679110,2018,176844,2018,22147,2018,1878101,0.096805333271766,0.0895841938097026,1337.33913020822,1933.91677043383,2228.98748899135,1924.39434870766,1874.47914931757,1735.38831213897,733.012844624574,1159.32537409071,1867.25981835059,815.228669252402,255.884618661686
"89","Panama",4246000,2019,337038,2016,14370,2018,129295,2015,17197,2015,107,2016,146599,0.0793777673104098,0.434962823183143,1977.48063444644,2153.18806797666,2859.59313087183,2032.59589531796,2046.57654810854,972.516520219124,1896.45907513941,816.473081260279,1309.04666242305,986.76910358503,403.560464653309
"90","Peru",32510000,2019,2557060,2019,6470,2018,1822684,2016,92793,2016,8896,2017,1924373,0.0786545678252845,0.752572485588919,1071.37821203796,1099.72754072535,2613.24692145526,1112.07718516962,1095.67203157056,814.155052998984,901.880049846561,695.3128428874,1186.15169616348,612.095385338669,368.266203720658
"91","Philippines",108117000,2019,10118217,2017,3830,2018,3155957,2017,236351,2017,23827,2017,3416135,0.0935858098171425,0.337622231268612,900.448027504344,1157.62462135055,2724.55947258022,1148.76675018527,1152.11993639704,817.988386021103,1100.97523393587,717.29804458346,1095.61952319361,587.108660772582,301.8506804836
"92","Poland",37895000,2019,2175600,2018,14100,2018,986723,2018,464624,2018,41318,2018,1492665,0.0574112679773057,0.686093491450634,1207.78330934653,1040.03438332402,1596.64112010923,1052.35341170705,1010.40911321512,813.676204853767,665.80850034727,771.441906626728,1126.26758200521,533.634389947629,280.434393259433
"93","Portugal",10237000,2019,542759,2018,21990,2018,205180,2018,118194,2018,20239,2018,343613,0.0530193416039855,0.633085771032816,1923.38667905841,1785.71646703971,1836.87246339562,1686.63529768688,1561.96668114376,999.831673386877,1465.84332181713,1003.0260018132,1092.14828156993,862.03712419303,400.197452769692
"94","Romania",19358000,2019,1056350,2018,11290,2018,350263,2018,168852,2018,19756,2018,538871,0.0545691703688398,0.510125431911772,1261.12374724532,1177.49187306811,1629.46786046389,1167.03832595899,1177.49187306811,925.226817904654,688.672694402263,909.573417813183,1104.31704330424,593.723711066592,301.839630065833
"95","Russian Federation",144369000,2019,6827409,2018,10230,2018,3032738,2018,1213147,2018,94582,2018,4340467,0.0472913783429961,0.635741465027216,1647.23853590004,1495.09249982558,1949.40772529717,1428.53128748915,1463.24412879889,816.573531874888,1126.77041511775,836.396581682087,1029.13798946217,714.218777197006,323.783846161175
"96","Rwanda",12627000,2019,1156752,2019,780,2018,63557,2019,4214,2019,51,2019,67822,0.0916094084105488,0.0586314093254215,471.406474302038,641.203473000127,2695.12300637006,617.600314691186,641.203473000127,491.570236432703,484.185320405404,425.26341649711,475.981364837544,408.618958962058,292.326701943024
"97","Saudi Arabia",34269000,2019,2331521,2019,21600,2018,1305312,2019,81212,2019,10541,2019,1397065,0.0680358633167002,0.599207555925938,1424.23940461934,1383.56441950102,2647.01530386897,1371.64286629694,1367.45756448789,937.479756494425,1131.86950796962,746.880725717104,1300.10482536586,649.632289964494,282.658683778098
"98","Senegal",16296000,2019,1486053,2019,1410,2018,148277,2019,38136,2019,8296,2019,194709,0.0911912739322533,0.13102426360298,919.593838768552,1360.79801520506,3628.94202602667,1432.67535009552,1377.16889424843,1025.24864643707,954.865929803085,660.979984944505,1863.94193709575,644.098306465432,285.749061290971
"99","Serbia",6955000,2019,368449,2019,6390,2018,191014,2019,47350,2019,11407,2019,249771,0.052976132278936,0.677898433704529,927.189615985712,976.67617415611,1529.25370552151,944.950919067482,912.901387595027,702.474529544645,647.535202539695,643.382151774907,754.59938853571,512.344271516357,280.178320196481
"100","Slovakia",5448000,2019,318395,2018,18260,2018,79000,2018,55816,2018,6991,2018,141807,0.0584425477239354,0.445380737762842,852.139822429945,1133.52380328704,1464.85056603411,1107.0114068968,942.137837989017,794.764668218213,713.36825189368,741.92063393939,947.937028555384,571.093566728034,289.874892090661
"101","Slovenia",2067000,2019,99249,2018,24580,2018,41840,2018,21517,2018,2824,2018,66181,0.0480159651669086,0.666817801690697,1618.28185884628,1433.01885869516,1739.15156742795,1390.46792617876,1343.15946039507,1001.45113188502,1103.50108014981,912.929268831488,1135.16198242166,721.084403029849,365.118170754414
"102","South Africa",58558000,2019,4947845,2018,5750,2018,729513,2018,62930,2018,23730,2018,816173,0.0844947744116944,0.164955248193911,1421.93745415117,1373.43996980233,2239.09000036962,1353.60840216563,1351.92414417169,838.85489696186,1255.00062007894,589.634384304285,1234.61899634542,633.722091757245,263.863152734703
"103","Spain",46719000,2019,2251968,2018,29340,2018,1212026,2018,339934,2018,85480,2018,1637440,0.0482024015924998,0.727115127746043,1669.86092899348,1516.23940346476,1760.48102402042,1460.84256019121,1298.61878232079,898.626319097924,1260.62230940507,883.42591620204,1128.42072461469,722.17743495224,325.131523468547
"104","Sri Lanka",21757000,2019,1542373,2019,4060,2018,229789,2019,44693,2019,4684,2019,279166,0.0708908856919612,0.180997722340835,584.018396448285,857.051450307825,2567.99325204139,891.332050647617,846.733166509264,789.418141034622,555.967634008699,604.041827680734,1097.01565268637,481.873545032467,294.284592394787
"105","Sweden",10251000,2019,594891,2018,55490,2018,241045,2018,144769,2018,19682,2018,405496,0.0580324846356453,0.681630752524412,1905.66425591951,1736.445852912,1603.58317253324,1643.27983419214,1524.7632655664,991.511157291122,1198.8159245973,1001.43558646597,1084.28176129833,757.859148253348,268.565553752808
"106","Switzerland",8580000,2019,499765,2018,84410,2018,207284,2018,70070,2018,25209,2018,302563,0.058247668997669,0.605410542955189,1814.50863793405,1741.44148748493,1677.09816580082,1667.08412267149,1426.68084992456,1018.59764015234,1087.21098492787,998.752706704144,1220.93993379086,772.522474991787,288.062968745214
"107","United Republic of Tanzania",58005000,2019,4980920,2019,1020,2018,142898,2019,9123,2019,2014,2019,154035,0.0858705284027239,0.0309250098375401,930.441754947987,1461.44851034063,3964.18606259936,1466.30911835543,1468.51269561687,1327.74985222428,546.753686678989,840.463937818225,1495.47276644422,660.553588002304,260.10612683314
"108","Thailand",69626000,2019,4887764,2017,6610,2018,1859422,2016,180683,2016,24742,2016,2064847,0.0702002700140752,0.42245227060881,942.32082007963,1150.92716784243,2673.84079551408,1141.2862562039,1108.03820576426,910.203259331648,1048.99549343648,687.995319557482,1083.44078637268,647.221735870898,395.36901988513
"109","Togo",8082000,2019,723244,2019,660,2018,84431,2018,3975,2018,1652,2018,90058,0.0894882454837911,0.124519525913799,450.534999245844,565.806373244954,2643.36708096151,537.158303789011,603.56772058698,464.263880315914,564.274410435314,426.841389434377,365.269887053353,372.174630965778,275.35875982619
"110","Tunisia",11695000,2019,838860,2019,3500,2018,163719,2019,91806,2019,11629,2019,267154,0.0717280889268918,0.318472689125718,982.786757089142,895.400443545767,1666.67237696046,889.203052872147,862.61994367111,729.48330535197,645.68171944916,616.348335224859,852.018708830428,522.251547240094,335.676136142795
"111","Turkey",83430000,2019,6677766,2018,10420,2018,4112575,2018,583939,2018,95100,2018,4791614,0.0800403451995685,0.717547455241768,1262.72306130836,1046.96076909762,1683.83520911486,1054.39039889559,1046.96076909762,944.870739489885,684.81781122504,725.274520348291,1098.96817768341,587.045056021839,357.087199483947
"112","Uganda",44270000,2019,3419644,2014,620,2018,0,0,0,0,2194,2004,2194,0.0772451773209849,0.000641587252942119,767.738364112891,1279.18683708216,3557.50992531238,1273.23778388072,1279.18683708216,1094.25591267006,599.530388090507,729.731817139553,1237.5434646721,573.915560568743,221.279922312037
"113","Ukraine",44391000,2019,2595860,2014,2660,2018,800886,2019,392210,2019,24751,2019,1217847,0.0584771687954766,0.469149723020502,996.557603587618,970.894586477164,1435.53650809649,963.907892812196,879.465401769573,765.768259661091,636.431250283028,715.219078873019,921.987730822385,549.990868253142,339.53900914113
"114","United Kingdom",66856000,2019,4019176,2018,41770,2018,1620993,2018,450591,2018,111257,2018,2182841,0.060116907981333,0.543106596974106,1968.09931718906,1753.15281164199,2016.86325675112,1683.44900075754,1671.96366299662,980.615251353902,1424.52217491127,959.83663934465,1265.22613545082,762.734416990407,267.525219664616
"115","United States of America",329534000,2019,21452031,2018,63080,2018,9057685.06365,2018,2651278.84228,2018,354198.15772,2018,12063162.06365,0.0650980809263991,0.562331933216487,2058.19454596097,1690.76683411338,1659.56749467296,1619.79036514157,1457.38724071953,857.98984797208,1300.5423573807,876.698480972561,1193.93155131074,740.516166034377,265.390831994876
"116","Uruguay",3462000,2019,257364,2017,15650,2018,0,0,0,0,91.02809,2006,91.02809,0.0743396880415945,0.000353693950979935,2666.58309173416,2206.89635267941,2221.50606980913,2059.40240585953,2033.89139920384,1081.33770451818,1727.54372644956,1038.00334551458,1174.56898053155,1116.59280584947,571.422599000603
"117","Venezuela (Bolivarian Republic of)",28516000,2019,2660784,2015,13080,2014,0,0,0,0,5718,2008,5718,0.0933084584093141,0.00214899067342558,2762.01333019805,3003.92769201281,3182.73369152231,2926.1689865832,2856.99974846154,1370.86055136282,2344.28996553389,1066.62396317691,2459.61675400555,1218.02259665356,325.070048973933
"118","Yemen",29162000,2019,2877905,2014,1460,2014,0,0,0,0,64,2007,64,0.0986868184623826,2.22383991132438e-05,688.267402947289,1209.80800248268,2521.81729782288,1185.20999089985,1139.35424805163,917.752691319238,817.034272216812,532.083935779174,1037.62273905431,584.296241860215,271.54068946138
"119","Zimbabwe",14645000,2019,1354863,2015,1790,2018,99433,2015,14899,2015,371,2015,114703,0.0925136906794128,0.084660220258432,816.803749684234,1720.95871960324,3150.46286254855,1719.54608898971,1641.90201031716,1302.93373961312,891.189771864991,547.116132575935,1711.07030530852,733.60308843932,239.925272857358
"120","Taiwan",23596027,2019,1753830,2019,26561,2019,1016459,2019,168203,2019,28510,2019,1213172,0.07432734333,0.6917272484,1221.35524863351,1176.8670420232,2175.75631009458,1107.72596493415,1128.23105600156,847.006657035649,1082.96741549586,686.534593330327,692.879502399893,650.493416037031,387.306603043949
